Country,Regulation Status,Policy Lever,Governance Type,Actor Involvement,Average Score,Enforcement Level,Last Updated,Data Version
Afghanistan,1.0,1.0,1.0,1.0,1.0,1.0,2026-10-06,6
Albania,2.75,2.5,2.5,2.75,2.42,2.0,2026-10-06,3
Algeria,1.75,2.25,2.25,2.5,2.0,2.0,2026-10-06,4
Andorra,2.5,2.5,1.75,2.0,2.42,2.25,2026-10-06,4
Angola,2.5,2.0,1.75,2.5,2.25,2.25,2026-10-06,4
Antigua and Barbuda,1.25,2.0,1.5,2.25,1.58,1.5,2026-10-06,7
Argentina,2.5,2.75,3.0,3.0,2.42,2.0,2026-10-06,3
Armenia,1.5,2.75,1.75,3.0,2.0,1.75,2026-10-06,4
Australia,3.25,4.0,3.5,3.75,3.67,3.75,2026-10-06,3
Austria,4.0,3.75,3.25,3.5,3.33,2.25,2026-10-06,3
Azerbaijan,2.0,2.0,1.5,2.0,1.75,1.25,2026-06-13,2
Bahamas,2.75,2.25,2.0,2.5,2.33,2.0,2026-10-06,7
Bahrain,2.75,3.25,2.0,2.75,2.58,1.75,2026-10-06,3
Bangladesh,2.5,2.0,2.0,3.0,2.25,2.25,2026-10-06,4
Barbados,1.25,2.0,1.75,2.5,1.67,1.75,2026-10-06,7
Belarus,1.5,2.5,1.75,2.75,1.92,1.75,2026-10-06,4
Belgium,4.0,3.75,3.75,3.75,3.42,2.5,2026-10-06,3
Belize,2.75,2.0,2.0,2.0,2.17,1.75,2026-10-06,5
Benin,1.25,2.25,1.75,2.75,1.83,2.0,2026-10-06,6
Bhutan,2.25,2.25,1.25,2.25,1.92,1.25,2026-10-06,5
Bolivia,1.5,1.5,1.5,1.75,1.42,1.25,2026-10-06,4
Bosnia and Herz.,1.5,1.75,2.25,2.5,1.67,1.75,2026-10-06,4
Botswana,1.25,1.75,1.5,2.0,1.58,1.75,2026-10-06,4
Brazil,3.5,4.0,3.75,3.5,3.5,3.0,2026-10-06,3
Brunei,1.25,2.25,1.75,2.75,1.67,1.5,2026-10-06,4
Bulgaria,4.0,2.75,2.0,3.0,2.92,2.0,2026-10-06,3
Burkina Faso,2.25,2.0,1.75,2.75,2.0,1.75,2026-10-06,7
Burundi,1.5,2.0,1.5,2.0,1.58,1.25,2026-10-06,7
Cambodia,1.25,2.0,1.75,2.75,1.67,1.75,2026-10-06,4
Cameroon,1.25,2.0,1.5,2.25,1.5,1.25,2026-10-06,5
Canada,3.0,3.5,3.75,3.75,2.92,2.25,2026-10-06,3
Cape Verde,1.25,2.0,1.5,2.0,1.58,1.5,2026-10-06,7
Central African Rep.,1.0,1.5,1.0,1.25,1.25,1.25,2026-10-06,7
Chad,1.0,1.75,1.5,2.25,1.5,1.75,2026-10-06,8
Chile,2.75,3.0,2.5,3.25,2.58,2.0,2026-10-06,3
China,4.5,4.75,3.0,3.0,4.5,4.25,2026-10-06,3
Colombia,2.75,3.25,2.75,3.25,2.75,2.25,2026-10-06,3
Comoros,1.0,1.0,1.0,1.25,1.0,1.0,2026-10-06,7
Congo,2.5,2.0,1.75,2.75,2.0,1.5,2026-10-06,7
Costa Rica,2.0,2.5,2.0,3.25,2.17,2.0,2026-10-06,3
Croatia,4.0,3.0,2.5,3.25,3.17,2.5,2026-10-06,3
Cuba,1.75,2.0,1.5,3.0,1.83,1.75,2026-10-06,4
Cyprus,4.0,2.75,2.0,3.0,3.0,2.25,2026-10-06,3
Czechia,4.0,3.5,2.75,3.75,3.33,2.5,2026-10-06,3
Côte d'Ivoire,1.5,2.0,1.5,3.0,1.75,1.75,2026-10-06,4
Dem. Rep. Congo,1.25,2.0,1.5,2.25,1.58,1.5,2026-10-06,7
Denmark,4.25,4.25,3.25,3.5,4.0,3.5,2026-10-06,3
Djibouti,1.25,2.0,1.5,2.75,1.58,1.5,2026-10-06,7
Dominica,1.0,1.0,1.0,1.5,1.0,1.0,2026-10-06,7
Dominican Republic,2.5,2.75,2.0,3.25,2.42,2.0,2026-10-06,4
East Timor,1.0,1.25,1.25,2.25,1.17,1.25,2026-10-06,6
Ecuador,3.75,2.75,2.25,3.0,3.08,2.75,2026-10-06,4
Egypt,2.25,3.25,2.25,3.5,2.58,2.25,2026-10-06,3
El Salvador,4.25,3.75,1.75,2.75,3.42,2.25,2026-10-06,4
Equatorial Guinea,1.25,1.25,1.0,1.75,1.25,1.25,2026-10-06,7
Eritrea,1.0,1.0,1.0,1.25,1.0,1.0,2026-10-06,7
Estonia,4.0,3.5,2.25,3.25,3.33,2.5,2026-10-06,3
Ethiopia,2.25,2.75,2.0,3.0,2.25,1.75,2026-10-06,3
Fiji,1.5,2.25,1.75,2.75,1.75,1.5,2026-10-06,4
Finland,4.25,4.0,3.5,3.5,3.83,3.25,2026-10-06,3
France,4.0,4.5,3.5,4.0,3.92,3.25,2026-10-06,3
Gabon,2.75,2.5,2.25,3.0,2.58,2.5,2026-10-06,7
Gambia,1.0,1.0,1.0,1.25,1.0,1.0,2026-09-01,6
Georgia,2.75,2.75,2.0,3.0,2.58,2.25,2026-10-06,3
Germany,4.25,4.0,3.75,4.0,3.75,3.0,2026-10-06,4
Ghana,2.0,2.25,2.0,3.25,2.08,2.0,2026-10-06,4
Greece,4.25,3.75,3.0,3.5,3.75,3.25,2026-10-06,3
Grenada,1.0,1.25,1.0,1.75,1.08,1.0,2026-10-06,7
Guatemala,1.5,1.75,1.5,2.25,1.5,1.25,2026-10-06,4
Guinea,1.0,1.75,1.25,2.75,1.33,1.25,2026-10-06,7
Guinea-Bissau,1.0,1.0,1.0,1.25,1.0,1.0,2026-10-06,7
Guyana,1.0,1.75,1.0,2.0,1.42,1.5,2026-10-06,5
Haiti,1.0,1.5,1.25,3.0,1.25,1.25,2026-10-06,7
Honduras,1.25,1.5,1.0,1.75,1.25,1.0,2026-10-06,4
Hungary,4.0,3.0,2.5,3.5,3.25,2.75,2026-10-06,3
Iceland,2.0,2.5,2.0,3.25,2.17,2.0,2026-10-06,3
India,2.75,3.5,3.25,3.75,3.0,2.75,2026-10-06,3
Indonesia,1.75,2.75,2.25,3.0,2.17,2.0,2026-10-06,3
Iran,3.75,2.75,1.75,1.75,2.92,2.25,2026-10-06,7
Iraq,1.5,2.0,2.25,2.5,1.83,2.0,2026-10-06,8
Ireland,4.25,4.0,3.25,4.0,3.75,3.0,2026-10-06,3
Israel,3.0,3.75,2.75,3.0,3.33,3.25,2026-10-06,3
Italy,4.25,4.0,3.5,3.5,3.83,3.25,2026-10-06,3
Jamaica,1.25,2.0,1.75,3.75,1.75,2.0,2026-10-06,4
Japan,4.0,4.25,3.25,4.0,3.58,2.5,2026-10-06,3
Jordan,3.25,3.25,2.25,3.0,2.92,2.25,2026-10-06,3
Kazakhstan,4.5,3.5,2.0,2.75,3.75,3.25,2026-10-06,3
Kenya,2.25,2.75,3.0,3.5,2.33,2.0,2026-10-06,3
Kiribati,1.25,1.5,1.0,1.5,1.33,1.25,2026-10-06,6
Kosovo,1.0,2.0,1.5,2.0,1.67,2.0,2026-10-06,5
Kuwait,1.75,2.5,1.75,2.5,2.0,1.75,2026-10-06,5
Kyrgyzstan,3.5,2.5,2.0,2.5,2.58,1.75,2026-10-06,6
Laos,1.0,1.75,1.25,2.25,1.42,1.5,2026-10-06,7
Latvia,4.0,3.25,2.75,3.75,3.33,2.75,2026-10-06,3
Lebanon,1.5,2.25,1.5,2.5,1.67,1.25,2026-10-06,7
Lesotho,1.25,1.75,1.5,2.5,1.5,1.5,2026-10-06,7
Liberia,1.0,1.25,1.0,1.5,1.08,1.0,2026-10-06,7
Libya,1.25,2.0,1.5,1.75,1.58,1.5,2026-10-06,7
Liechtenstein,2.0,2.25,2.0,2.5,2.08,2.0,2026-10-06,3
Lithuania,4.0,4.0,2.25,3.0,3.5,2.5,2026-10-06,3
Luxembourg,4.0,3.5,2.75,3.25,3.33,2.5,2026-10-06,3
Macedonia,1.5,2.25,1.5,2.5,1.92,2.0,2026-10-06,5
Madagascar,1.0,1.25,1.0,1.75,1.17,1.25,2026-10-06,8
Malawi,1.5,2.25,1.75,2.75,1.92,2.0,2026-10-06,7
Malaysia,2.0,3.25,2.5,3.25,2.42,2.0,2026-10-06,3
Maldives,1.0,2.0,1.25,2.5,1.42,1.25,2026-10-06,3
Mali,1.5,2.5,1.25,1.75,1.83,1.5,2026-10-06,7
Malta,4.0,4.0,2.25,3.0,3.58,2.75,2026-10-06,3
Marshall Islands,1.0,1.25,1.0,1.5,1.17,1.25,2026-10-06,6
Mauritania,1.75,1.75,1.0,2.25,1.58,1.25,2026-10-06,7
Mauritius,3.0,3.5,2.25,3.0,3.0,2.5,2026-10-06,3
Mexico,2.75,2.75,3.5,2.75,2.58,2.25,2026-10-06,3
Micronesia,1.0,1.0,1.0,1.25,1.0,1.0,2026-09-01,5
Moldova,2.75,2.5,1.75,3.75,2.5,2.25,2026-10-06,3
Monaco,2.0,2.25,1.5,1.5,2.08,2.0,2026-10-06,4
Mongolia,1.75,2.25,1.75,2.75,1.92,1.75,2026-10-06,5
Montenegro,1.25,2.25,1.75,3.0,1.75,1.75,2026-10-06,3
Morocco,2.75,2.75,2.5,3.0,2.67,2.5,2026-10-06,3
Mozambique,2.5,2.5,2.25,3.25,2.25,1.75,2026-10-06,4
Myanmar,1.0,1.75,1.25,1.75,1.42,1.5,2026-10-06,4
Namibia,1.5,2.0,1.75,3.25,1.75,1.75,2026-10-06,7
Nauru,1.0,1.0,1.0,1.5,1.0,1.0,2026-10-06,6
Nepal,2.5,2.0,2.0,2.0,2.25,2.25,2026-10-06,3
Netherlands,4.0,4.0,4.25,4.0,3.83,3.5,2026-10-06,3
New Zealand,2.0,3.25,2.75,3.25,2.42,2.0,2026-10-06,3
Nicaragua,1.0,1.0,1.0,1.25,1.0,1.0,2026-06-13,3
Niger,1.0,1.75,1.5,1.75,1.33,1.25,2026-10-06,7
Nigeria,2.5,3.25,2.5,3.5,2.67,2.25,2026-10-06,3
North Korea,1.0,1.25,1.0,1.25,1.08,1.0,2026-10-06,6
Norway,2.25,3.25,2.5,4.0,2.58,2.25,2026-10-06,3
Oman,2.5,2.75,1.75,3.0,2.42,2.0,2026-10-06,4
Pakistan,2.0,2.75,2.5,2.75,2.33,2.25,2026-10-06,3
Palau,1.0,1.5,1.0,1.25,1.25,1.25,2026-10-06,6
Panama,2.5,2.25,2.5,3.25,2.25,2.0,2026-10-06,5
Papua New Guinea,1.0,1.0,1.0,1.25,1.0,1.0,2026-09-01,8
Paraguay,2.75,2.75,2.25,3.0,2.42,1.75,2026-10-06,6
Peru,4.0,3.25,3.0,3.0,3.17,2.25,2026-10-06,3
Philippines,3.0,3.75,2.75,3.25,3.17,2.75,2026-10-06,3
Poland,4.0,3.5,2.5,3.5,3.42,2.75,2026-10-06,3
Portugal,4.0,3.25,2.75,3.25,3.25,2.5,2026-10-06,3
Qatar,3.0,3.75,2.5,2.75,3.17,2.75,2026-10-06,3
Romania,4.0,2.75,2.5,3.0,3.0,2.25,2026-10-06,3
Russia,3.5,3.75,3.0,2.5,3.08,2.0,2026-10-06,4
Rwanda,2.5,3.0,2.0,3.25,2.58,2.25,2026-10-06,3
S. Sudan,1.0,1.5,1.0,1.25,1.33,1.5,2026-10-06,7
Saint Kitts and Nevis,1.25,1.5,1.0,1.25,1.33,1.25,2026-10-06,7
Saint Lucia,1.25,1.5,1.0,1.75,1.33,1.25,2026-10-06,7
Saint Vincent and the Grenadines,1.0,1.0,1.0,1.5,1.08,1.25,2026-10-06,8
Samoa,1.0,1.5,1.25,2.25,1.25,1.25,2026-10-06,4
San Marino,1.25,1.75,1.0,2.25,1.5,1.5,2026-10-06,7
Sao Tome and Principe,1.0,1.25,1.0,1.5,1.25,1.5,2026-10-06,7
Saudi Arabia,2.75,4.0,1.75,2.75,3.0,2.25,2026-10-06,3
Senegal,1.5,2.0,2.0,3.25,1.83,2.0,2026-10-06,4
Serbia,1.75,2.5,2.0,3.0,2.08,2.0,2026-10-06,3
Seychelles,2.0,2.0,1.5,2.25,1.92,1.75,2026-10-06,7
Sierra Leone,1.0,2.0,1.5,2.25,1.33,1.0,2026-10-06,4
Singapore,3.25,3.75,2.5,3.75,3.25,2.75,2026-10-06,3
Slovakia,4.0,3.25,2.25,3.5,3.17,2.25,2026-10-06,3
Slovenia,4.0,4.0,3.0,3.75,3.67,3.0,2026-10-06,3
Solomon Islands,1.0,1.5,1.0,1.5,1.17,1.0,2026-10-06,7
Somalia,1.25,1.75,1.5,2.5,1.58,1.75,2026-10-06,7
South Africa,1.75,2.25,2.25,3.5,2.0,2.0,2026-10-06,3
South Korea,4.5,4.75,3.0,4.0,4.25,3.5,2026-10-06,3
Spain,4.0,4.25,3.0,3.75,3.67,2.75,2026-10-06,3
Sri Lanka,1.25,2.25,1.75,3.0,1.67,1.5,2026-10-06,5
Sudan,1.25,1.75,1.5,1.25,1.42,1.25,2026-10-06,7
Suriname,1.0,1.25,1.25,2.75,1.17,1.25,2026-10-06,7
Swaziland,1.25,1.5,1.5,2.5,1.58,2.0,2026-10-06,4
Sweden,4.0,4.0,3.5,4.25,3.5,2.5,2026-10-06,3
Switzerland,2.25,2.75,3.0,3.5,2.42,2.25,2026-10-06,3
Syria,1.25,1.75,1.0,2.0,1.42,1.25,2026-10-06,7
Taiwan,3.75,4.0,2.5,3.5,3.5,2.75,2026-10-06,3
Tajikistan,1.5,2.0,1.25,2.25,1.58,1.25,2026-10-06,7
Tanzania,1.25,2.25,2.0,3.0,1.83,2.0,2026-10-06,7
Thailand,3.0,3.75,2.75,3.0,3.0,2.25,2026-10-06,3
Togo,1.0,2.25,1.5,2.5,1.58,1.5,2026-10-06,8
Tonga,1.0,1.25,1.0,1.5,1.08,1.0,2026-10-06,6
Trinidad and Tobago,1.0,2.0,1.75,3.25,1.5,1.5,2026-10-06,4
Tunisia,1.5,2.25,2.25,3.0,1.92,2.0,2026-10-06,3
Turkey,2.25,2.75,2.25,3.0,2.33,2.0,2026-10-06,3
Turkmenistan,1.25,1.5,1.25,1.75,1.25,1.0,2026-10-06,7
Tuvalu,1.0,1.0,1.0,1.25,1.0,1.0,2026-10-06,6
Uganda,1.5,2.25,2.25,3.25,1.92,2.0,2026-10-06,4
Ukraine,2.5,3.25,2.0,3.25,2.5,1.75,2026-10-06,3
United Arab Emirates,3.0,3.75,3.5,2.5,3.0,2.25,2026-10-06,3
United Kingdom,2.5,3.0,3.0,3.25,2.75,2.75,2026-06-13,2
United States of America,3.0,4.25,4.75,3.5,3.5,3.25,2026-10-06,3
Uruguay,2.75,3.25,2.5,3.25,2.75,2.25,2026-10-06,3
Uzbekistan,4.0,3.5,2.0,2.75,3.33,2.5,2026-10-06,3
Vanuatu,2.5,2.0,1.75,2.5,2.17,2.0,2026-10-06,4
Vatican City,3.25,2.5,1.5,2.75,2.58,2.0,2026-10-06,3
Venezuela,1.75,1.75,1.25,2.25,1.58,1.25,2026-10-06,7
Vietnam,4.0,4.0,2.25,3.0,3.67,3.0,2026-10-06,3
Yemen,1.0,1.0,1.0,1.25,1.0,1.0,2026-10-06,6
Zambia,1.25,2.0,1.5,3.0,1.67,1.75,2026-10-06,7
Zimbabwe,1.75,2.0,2.0,3.0,1.92,2.0,2026-10-06,5
